club,keeper,slug
Arsenal,Kepa Arrizabalaga,kepa-arrizabalaga-revuelta
Aston Villa,Marco Bizot,marco-bizot
AFC Bournemouth,Will Dennis,will-dennis
Brentford,Hákon Valdimarsson,hakon-rafn-valdimarsson
Brighton & Hove Albion,Jason Steele,jason-steele
Chelsea,Filip Jørgensen,filip-jorgensen
Coventry City,Oliver Dovin,oliver-nnonyelu-dovin
Crystal Palace,Walter Benítez,walter-benitez
Everton,Mark Travers,mark-travers
Fulham,Benjamin Lecomte,benjamin-lecomte
Leeds United,Lucas Perri,lucas-estella-perri
Liverpool,Giorgi Mamardashvili,giorgi-mamardashvili
Manchester City,Gerónimo Rulli,geronimo-rulli
Manchester United,Karl Darlow,karl-darlow
Newcastle United,Ewen Jaouen,ewen-jaouen
Nottingham Forest,John Victor,
Sunderland,Melker Ellborg,melker-ellborg
Tottenham Hotspur,Martin Dúbravka,martin-dubravka
Angers SCO,Melvin Zinga,melvin-zinga
AJ Auxerre,Paul Nardi,paul-nardi
Stade Brestois 29,Grégoire Coudert,gregoire-coudert
Le Havre AC,Mory Diaw,mory-diaw
Le Mans FC,Ewan Hatfout,ewan-hatfout
RC Lens,Mathieu Gorgelin,mathieu-gorgelin
LOSC Lille,Arnaud Bodart,arnaud-bodart
FC Lorient,Bingourou Kamara,bingourou-kamara
Olympique Lyonnais,Rémy Descamps,remy-descamps
AS Monaco,Philipp Köhn,philipp-kohn
OGC Nice,Teddy Boulhendi,teddy-boulhendi
Paris FC,Obed Nkambadio,obed-nkambadio
Paris Saint-Germain,Lucas Chevalier,lucas-chevalier
Stade Rennais FC,Nicolas Lemaître,nicolas-lemaitre
RC Strasbourg Alsace,Miłosz Piekutowski,milosz-piekutowski
Toulouse FC,Mathys Niflore,mathys-niflore
ESTAC Troyes,Hillel Konaté,hillel-konate
Athletic Club,Álex Padilla,alex-padilla
Atlético de Madrid,Juan Musso,juan-musso
CA Osasuna,Aitor Fernández,aitor-fernandez
Celta,Altay Bayındır,altay-bayindir
Deportivo Alavés,Adrián Rodríguez,adrian-rodriguez
Elche CF,Alejandro Iturbe,alejandro-iturbe
FC Barcelona,Wojciech Szczęsny,wojciech-szczesny
Getafe CF,Jiří Letáček,jiri-letacek
Levante UD,Pablo Cuñat,pablo-cunat-campos
Málaga CF,Carlos López,carlos-lopez
Racing Club,Simon Eriksson,simon-eriksson
Rayo Vallecano,Dani Cárdenas,dani-cardenas
RC Deportivo,Álvaro Ferllo,alvaro-ferllo
RCD Espanyol,Ángel Fortuño,angel-fortuno
Real Betis,Diego Conde,diego-conde
Real Madrid,Andriy Lunin,andriy-lunin
Real Sociedad,Unai Marrero,unai-marrero
Sevilla FC,Fran González,fran-gonzalez
Valencia CF,Kayne van Oevelen,kayne-van-oevelen
Villarreal CF,Péter Gulácsi,peter-gulacsi
FC Augsburg,Nediljko Labrović,nediljko-labrovic
1. FC Union Berlin,Carl Klaus,carl-klaus
Werder Bremen,Alexander Schlager,alexander-schlager
Borussia Dortmund,Alexander Meyer,alexander-meyer
SV Elversberg,Tim Boss,tim-boss
Eintracht Frankfurt,Michael Zetterer,michael-zetterer
SC Freiburg,Florian Müller,florian-muller
Hamburger SV,Sander Tangvik,sander-tangvik
TSG Hoffenheim,Luca Philipp,luca-philipp
1. FC Köln,Ron-Robert Zieler,ron-robert-zieler
RB Leipzig,Ørjan Nyland,orjan-nyland
Bayer 04 Leverkusen,Janis Blaswich,janis-blaswich
1. FSV Mainz 05,Alexander Schwolow,alexander-schwolow
Bayern München,Jonas Urbig,jonas-urbig
SC Paderborn 07,Markus Schubert,markus-schubert
FC Schalke 04,Kevin Müller,kevin-muller
VfB Stuttgart,Fabian Bredlow,fabian-bredlow
Académico de Viseu,Marcos Lavín,marcos-lavin
FC Alverca,Jhonatan Siqueira,jhonatan-luiz-da-siqueira
FC Alverca,Noah Raveyre,noah-raveyre
FC Arouca,Nico Mantl,nico-mantl
Casa Pia AC,André Gomes,andre-gomes
Marítimo,Alfonso Pastor,alfonso-pastor-vacas
Moreirense FC,Aranha,aranha
Nacional,João Gonçalves,joao-goncalves
FC Porto,Cláudio Ramos,claudio-ramos
Rio Ave FC,Cezary Miszta,cezary-miszta
Santa Clara,Neneca,neneca
SC Braga,João Carvalho,joao-carvalho
Sporting CP,João Virgínia,joao-virginia
Estoril Praia,Joel Robles,joel-robles
FC Famalicão,Ivan Zlobin,ivan-zlobin
Vitória SC,Juan Castillo,juan-castillo
ADO Den Haag,Niclas Thiede,niclas-thiede
Ajax,Maarten Paes,maarten-paes
AZ,Rome-Jayden Owusu-Oduro,rome-jayden-owusu-oduro
Excelsior Rotterdam,Celton Biai,celton-aussumone-biai
FC Groningen,Lovro Štubljar,lovro-stubljar
FC Twente,Joël Drommel,joel-drommel
FC Utrecht,Michael Brouwer,michael-brouwer
Feyenoord,Liam Bossin,liam-bossin
Fortuna Sittard,Luuk Koopmans,luuk-koopmans
Go Ahead Eagles,Nick Marsman,nick-marsman
N.E.C. Nijmegen,Nikolas Polster,nikolas-polster
PEC Zwolle,Tom de Graaff,tom-gerard-de-graaff
PSV,Nick Olij,nick-olij
SC Cambuur,Jasper Meijster,jasper-meijster
sc Heerenveen,Andries Noppert,andries-noppert
Telstar,Daan Reiziger,daan-reiziger
Willem II,Wouter van der Steen,wouter-van-der-steen
RSC Anderlecht,Justin Heekeren,justin-heekeren
Royal Antwerp FC,Niels Devalckeneer,niels-devalckeneer
SK Beveren,Josua Lusamba Tshiolola,
Cercle Brugge,Maxime Delanghe,maxime-delanghe
Sporting Charleroi,Martin Delavallée,martin-delavalee
Club Brugge,Nordin Jackers,nordin-jackers
KRC Genk,Tobias Lawal,tobias-okiki-lawal
KAA Gent,Kjell Peersman,kjell-peersman
KV Kortrijk,Patrik Gunnarsson,patrik-sigurdur-gunnarsson
Lommel SK,Nikola Ivezić,nikola-ivezic
KV Mechelen,Ortwin De Wolf,ortwin-de-wolf
RAAL La Louvière,Marcos Peano,marcos-hernan-peano
OH Leuven,Tobe Leysen,tobe-leysen
Sint-Truiden VV,Matt Lendfers,matt-lendfers
Standard de Liège,Lucas Pirard,lucas-pirard
Union Saint-Gilloise,Vic Chambaere,vic-chambaere
KVC Westerlo,Bill Lathouwers,bill-lathouwers
Zulte Waregem,Brent Gabriël,brent-gabriel
Aberdeen,Nick Suman,nick-suman
Celtic,Ross Doohan,ross-doohan
Dundee,Harry Sharp,harry-sharp
Dundee United,Jordan Amissah,jordan-amissah
Falkirk,Nicky Hogarth,nicky-hogarth
Heart of Midlothian,Zander Clark,zander-clark
Hibernian,Jordan Smith,jordan-smith
Kilmarnock,Calum Ferrie,calum-ferrie
Motherwell,Matthew Connelly,matthew-connelly
Rangers,Liam Kelly,liam-kelly
St. Johnstone,Ross Sinclair,ross-sinclair
St. Mirren,Peter Urminsky,peter-urminsky
Kashima Antlers,Yuji Kajikawa,yuji-kajikawa
Mito Hollyhock,Jakub Słowik,jakub-slowik
Urawa Reds,Koki Fukui,koki-fukui
JEF United Chiba,Ryota Suzuki,ryota-suzuki
Kashiwa Reysol,Tomoya Wakahara,tomoya-wakahara
FC Tokyo,Hayate Tanaka,hayate-tanaka
Kawasaki Frontale,Louis Yamaguchi,louis-yamaguchi
Yokohama F. Marinos,Park Il-gyu,park-il-gyu
Shimizu S-Pulse,Yuya Oki,yuya-oki
Nagoya Grampus,Alex Pisano Kouto Horio,alex-pisano-kouto-horio
Kyoto Sanga F.C.,Masaaki Murakami,masaaki-murakami
Gamba Osaka,Jun Ichimori,jun-ichimori
Cerezo Osaka,Koto Abe,koto-abe
Vissel Kobe,Daiya Maekawa,daiya-maekawa
Fagiano Okayama,Taro Hamada,taro-hamada
Sanfrecce Hiroshima,Yudai Tanaka,yudai-tanaka
V-Varen Nagasaki,Go Hatano,go-hatano
Tokyo Verdy,Yuya Nagasawa,yuya-nagasawa
Birmingham City,Ryan Allsop,ryan-allsop
Blackburn Rovers,Aynsley Pears,aynsley-pears
Bolton Wanderers,David Harrington,david-harrington
Bristol City,Joe Lumley,
Burnley,Ben Amos,ben-amos
Cardiff City,Harry Tyrer,harry-tyrer
Charlton Athletic,Will Mannion,
Derby County,Josh Vickers,josh-vickers
Lincoln City,Joe Gauci,joe-gauci-2000-07-04
Middlesbrough,Sol Brynn,solomon-brynn
Millwall,Max Crocombe,maxime-teremoana-crocombe
Norwich City,Daniel Grimshaw,daniel-grimshaw
Portsmouth,Daniel Bielica,daniel-bielica
Preston North End,Lee Nicholls,lee-nicholls
Queens Park Rangers,Calum Ward,callum-ward-2000-10-17
Sheffield United,Ivo Grbić,ivo-grbic
Southampton,Aaron Ramsdale,aaron-ramsdale
Stoke City,Josh Griffiths,joshua-griffiths
Swansea City,Andy Fisher,andy-fisher
Watford,Daniel Bachmann,daniel-bachmann
West Bromwich Albion,Matt Ingram,matt-ingram
West Ham United,Alphonse Areola,alphonse-areola
Wolverhampton Wanderers,José Sá,jose-pedro-malheiro-de-sa
Wrexham,Danny Ward,danny-ward-1993-06-22
Austria Lustenau,Phillip Böhm,phillip-bohm
Austria Wien,Mirko Kos,mirko-kos
TSV Hartberg,Luka Marić,luka-maric
LASK,Tobias Schützenauer,tobias-schutzenauer
Rapid Wien,Paul Gartler,paul-gartler
SV Ried,Felix Wimmer,felix-wimmer
Red Bull Salzburg,Nikola Sarcevic,nikola-sarcevic
Sturm Graz,Ammar Helac,ammar-helac
WSG Tirol,Alexander Eckmayr,alexander-eckmayr
Wolfsberger AC,David Skubl,david-franz-skubl
Dinamo Zagreb,Ivan Nevistić,ivan-nevistic
HNK Gorica,Renato Josipović,
Hajduk Split,Ivica Ivušić,ivica-ivusic
Rijeka,David Nwolokor,david-samuel-nwolokor
Istra 1961,Jan Paus-Kunšt,jan-paus-kunst
Osijek,Matej Grahovac,
Varaždin,Oliver Zelenika,oliver-zelenika
Arminia Bielefeld,Leo Oppermann,leo-oppermann
VfL Bochum,Tino Casali,tino-casali
Eintracht Braunschweig,Benjamin Uphoff,benjamin-uphoff
Energie Cottbus,Kevin Kratzsch,kevin-kratzsch
Darmstadt 98,Alexander Brunst,alexander-brunst
Dynamo Dresden,Elias Bethke,elias-bethke
Greuther Fürth,Christian Ortag,christian-ortag
Hannover 96,Leo Weinkauf,leo-weinkauf
1. FC Heidenheim,Thomas Dähne,thomas-dahne
Hertha BSC,Tim Goller,tim-goller
1. FC Kaiserslautern,Enis Kamga,enis-kamga
Karlsruher SC,Robin Himmelmann,robin-himmelmann
Holstein Kiel,Marcel Engelhardt,marcel-engelhardt
1. FC Magdeburg,Noah Kruth,noah-kruth
1. FC Nürnberg,Robin Lisewski,robin-lisewski
VfL Osnabrück,Lukas Jonsson,lukas-jonsson
FC St. Pauli,Dimitar Mitov,dimitar-mitov
VfL Wolfsburg,Jakub Zieliński,jakub-zielinski
AS Saint-Étienne,Mamour Ndiaye,mamour-ndiaye
Grenoble Foot 38,Bobby Allain,bobby-allain
FC Nantes,Maxime Dupé,maxime-dupe
Bucheon FC 1995,Kim Hyeon-yeob,hyeon-yeob-kim
Jeonbuk Hyundai Motors,Lee Ju-hyeon,ju-hyeon-lee
Stade Reims,Alexis Sauvage,alexis-sauvage
AD Ceuta FC,Pedro López,pedro-lopez
Albacete Balompié,Carlos Marín,carlos-marin
Burgos CF,Bruno Iribarne,bruno-iribarne
Cádiz CF,David Gil,david-gil
CD Castellón,Amir Saipi,amir-saipi
CD Eldense,Juan Palomares,juan-palomares
CD Leganés,Raúl Fernández,raul-fernandez
CD Tenerife,Gabri Lozano de Vuyst,gabriel-lozano-de-vuyst
CE Sabadell,José Ortega,jose-ortega
Celta Fortuna,Caio Barone,caio-barone
Córdoba CF,Guilherme Fernandes,guilherme-fernandes
FC Andorra,Nico Ratti,nico-ratti
Girona FC,Vladyslav Krapyvtsov,vladyslav-krapyvtsov
Granada CF,Alberto Flores,alberto-flores
Real Sociedad B,Theo Folgado,theo-folgado
RCD Mallorca,Pichu Cuéllar,pichu-cuellar
Real Oviedo,Miguel Narváez,miguel-narvaez
Real Sporting,Egoitz Arana,egoitz-arana
Real Valladolid CF,Lucas Lavagnino,lucas-lavagnino
SD Eibar,Luis López,luis-lopez
UD Almería,Andrés Fernández,andres-fernandez
UD Las Palmas,Dinko Horkaš,dinko-horkas
